[{
	"name": "step0",
	"serverIP": "192.168.1.1",
	"serverType": "AP",
	"state": "pending",
	"finishTime": null
}, {
	"name": "step1",
	"serverIP": "192.168.1.1",
	"serverType": "AP",
	"state": "pending",
	"finishTime": null
}, {
	"name": "step2",
	"serverIP": "192.168.1.1",
	"serverType": "AP",
	"state": "pending",
	"finishTime": null
}, {
	"name": "step3",
	"serverIP": "192.168.1.1",
	"serverType": "AP",
	"state": "pending",
	"finishTime": null
}, {
	"name": "step4",
	"serverIP": "192.168.1.1",
	"serverType": "AP",
	"state": "pending",
	"finishTime": null
}, {
	"name": "step5",
	"serverIP": "192.168.1.1",
	"serverType": "AP",
	"state": "pending",
	"finishTime": null
}, {
	"name": "step6",
	"serverIP": "192.168.1.1",
	"serverType": "AP",
	"state": "pending",
	"finishTime": null
}, {
	"name": "step7",
	"serverIP": "192.168.1.1",
	"serverType": "AP",
	"state": "pending",
	"finishTime": null
}, {
	"name": "step8",
	"serverIP": "192.168.1.1",
	"serverType": "AP",
	"state": "pending",
	"finishTime": null
}, {
	"name": "step9",
	"serverIP": "192.168.1.1",
	"serverType": "AP",
	"state": "pending",
	"finishTime": null
}, {
	"name": "step10",
	"serverIP": "192.168.1.1",
	"serverType": "AP",
	"state": "pending",
	"finishTime": null
}, {
	"name": "step11",
	"serverIP": "192.168.1.1",
	"serverType": "AP",
	"state": "pending",
	"finishTime": null
}, {
	"name": "step12",
	"serverIP": "192.168.1.1",
	"serverType": "AP",
	"state": "pending",
	"finishTime": null
}, {
	"name": "step13",
	"serverIP": "192.168.1.1",
	"serverType": "AP",
	"state": "pending",
	"finishTime": null
}, {
	"name": "step14",
	"serverIP": "192.168.1.1",
	"serverType": "AP",
	"state": "pending",
	"finishTime": null
}]