[{
	"host": "192.168.1.1",
	"port": 9999,
	"state": 0,
	"servers": {
		"CWS-WEB": {
			"product": "CWS",
			"type": "WEB",
			"state": 0,
			"config": {
				"DOC_ROOT": "F:\\IBM\\HTTPServer\\htdocs\\ja_JP"
			}
		},
		"CWS-AP": {
			"product": "CWS",
			"type": "AP",
			"state": 0,
			"config": {
				"AP_HOME": "F:\\IBM\\WebSphere\\AppServer",
				"ENTERPRISE_APNAME": "cws"
			}
		}
	}
}, {
	"host": "192.168.1.2",
	"port": 9999,
	"state": 0,
	"servers": {
		"CWS-DB": {
			"product": "CWS",
			"type": "DB",
			"state": 0,
			"config": {
				"DB_ALIAS": "",
				"DB_URL": "jdbc:oracle:thin:@localhost:1521:cws"
			}
		},
		"CWS-DL": {
			"product": "CWS",
			"type": "DL",
			"state": 0,
			"config": {
				"DL_HOME": "F:\\cws_dl"
			}
		}
	}
}]