[
    {
        "taskKey": "localhost,9999,ct.prepare_file_extract_replace",
        "finishTime": 1402375630092,
        "operator": "Curry",
        "fail": false
    },
    {
        "taskKey": "localhost,9999,cws.pre.Ticket10002",
        "finishTime": 1402375630289,
        "operator": "Curry",
        "fail": false
    },
    {
        "taskKey": "localhost,9999,cws.pre.Ticket10003",
        "finishTime": 1402375630296,
        "operator": "Curry",
        "fail": false
    },
    {
        "taskKey": "localhost,9999,ct.prepare_file_pack",
        "finishTime": 1402375630381,
        "operator": "Curry",
        "fail": true
    }
]