<?xml version="1.0" encoding="UTF-8"?>
<beans xmlns="http://www.springframework.org/schema/beans"
       xmlns:xsi="http://www.w3.org/2001/XMLSchema-instance"
       xmlns:context="http://www.springframework.org/schema/context"
       xmlns:mvc="http://www.springframework.org/schema/mvc"
       xsi:schemaLocation="
  http://www.springframework.org/schema/beans http://www.springframework.org/schema/beans/spring-beans-3.0.xsd
  http://www.springframework.org/schema/context http://www.springframework.org/schema/context/spring-context-3.0.xsd
  http://www.springframework.org/schema/mvc http://www.springframework.org/schema/mvc/spring-mvc-3.0.xsd">

    <mvc:default-servlet-handler/>

    <context:component-scan base-package="jp.co.worksap.updater.web" use-default-filters="false">
        <context:include-filter expression="org.springframework.stereotype.Controller" type="annotation"/>
    </context:component-scan>
    <mvc:annotation-driven/>

    <bean class="org.springframework.web.servlet.view.InternalResourceViewResolver">
        <property name="prefix" value="/"/>
        <property name="suffix" value=".html"/>
    </bean>

    <mvc:interceptors>
        <bean class="jp.co.worksap.updater.web.rest.TimeInterceptor" />
        <mvc:interceptor>
            <mvc:mapping path="/" />
            <bean class="jp.co.worksap.updater.web.rest.TimeInterceptor" />
        </mvc:interceptor>
    </mvc:interceptors>

</beans>
